name,0
charazd01,-0.921933715233
cullema01,0.0990918189947
mitchwi01,1.0238238839
salosa01,0.323043740165
thornsh01,1.83323037436
iginlja01,-0.164153513149
lidstni01,-1.56581220776
visnolu01,-0.830600669902
zidlima01,0.52562955933
streima01,-0.322319270698
