name,0,1
charazd01,-0.921933715233,0.871478740393
cullema01,0.0990918189947,-1.01832542598
mitchwi01,1.0238238839,1.27433117647
salosa01,0.323043740165,0.795720846951
thornsh01,1.83323037436,-0.856893470964
iginlja01,-0.164153513149,-0.30317062772
lidstni01,-1.56581220776,-0.437611337167
visnolu01,-0.830600669902,-0.443136870138
zidlima01,0.52562955933,-0.178847265313
streima01,-0.322319270698,0.296454233472
