name,0,1,2
dorsede01,-30.9246503759,8.63616337808,-11.2254451896
komarle01,-20.3584228785,-15.9684467781,7.1217923929
kulemni01,-27.4667403177,-28.2586062177,-2.50529880798
lewistr01,-9.21937120462,6.1410154456,-4.56364082571
macdoan01,-31.2371605169,14.7042287039,14.6172101961
stalbvi01,157.83626634,1.27942583373,0.0534139324997
gunnaca01,-38.6299210465,13.4662196345,-3.49803169822
