name,0,1
jagrja01,-41.0411578021,4.4408920985e-15
lidstni01,41.0411578021,3.10862446895e-15
