name,0
thornsh01,-2.28210290964
iginlja01,-0.022535716191
lidstni01,1.6842205544
visnolu01,0.90039672316
zidlima01,-0.659127954942
streima01,0.379149303213
