name,0
hossama01,-0.225248708018
thornsh01,1.48161140192
datsypa01,-1.1734969396
giontbr01,0.287526408873
horcosh01,0.916230512388
markoan01,-0.723675739865
samuemi01,1.46932201222
scudero01,0.669513556615
spaceja01,-0.151584098514
martira01,-0.194587570486
hossama01,-0.225248708018
iginlja01,-0.263468492206
lidstni01,-1.36668873452
liljaan01,1.13650551317
visnolu01,-0.604144057097
zidlima01,-0.334043272347
streima01,-0.698523084514
