name,0
jagrja01,-41.0411578021
lidstni01,41.0411578021
