name,0,1
thornsh01,-2.28210290964,0.311712913789
iginlja01,-0.022535716191,-1.64619559659
lidstni01,1.6842205544,0.224461281738
visnolu01,0.90039672316,0.611881863767
zidlima01,-0.659127954942,0.427231968802
streima01,0.379149303213,0.0709075684924
